Image File,Value,Unit
31JkXky0yvL.jpg,60.0,cm
31JkXky0yvL.jpg,80.0,cm
41-SnPiuV-L.jpg,16.0,cm
31qdqblsn3S.jpg,13.5,cm
31qdqblsn3S.jpg,19.0,cm
41-LzdCXVfL.jpg,17.0,cm
315C1CvRpTL.jpg,26.0,cm
31Vxf54alKL.jpg,13.0,cm
31Vxf54alKL.jpg,15.0,cm
31Bb9t5+zUL.jpg,17.0,cm
31Bb9t5+zUL.jpg,8.5,cm
41+da8Tfw6L.jpg,43.0,cm
41+knSilyGL.jpg,37.0,cm
41+knSilyGL.jpg,76.0,cm
317to6OSbEL.jpg,21.0,cm
41-fEmokzOL.jpg,7.87,inch
31wcgyNtjSL.jpg,8.0,cm
31wcgyNtjSL.jpg,10.0,cm
41+nTEmtVNL.jpg,16.5,cm
31GmydQCkiS.jpg,39.0,cm
21s+qly8nXL.jpg,12.0,cm
31j985afPTL.jpg,6.0,cm
31j985afPTL.jpg,15.0,cm
41-PWZ-cd0L.jpg,150.0,L
41-PWZ-cd0L.jpg,110.0,cm
41-PWZ-cd0L.jpg,63.0,cm
41+cIL-RXAL.jpg,9.8,cm
41+LRnvirVL.jpg,100.0,cm
31LAzzOrUkL.jpg,40.0,cm
31LAzzOrUkL.jpg,22.0,cm
318R0lcGWuL.jpg,68.0,cm
41-RyOwkTmL.jpg,41.5,cm
41-RyOwkTmL.jpg,29.5,cm
41-Fxr-06mL.jpg,20.5,cm
31HkazRRetL.jpg,9.0,cm
31VTrcDZleL.jpg,3.4,cm
41+3FcL9BFL.jpg,9.0,cm
41+s1ip74XL.jpg,25.5,cm
41+s1ip74XL.jpg,10.0,inch
31ZWo20AwlL.jpg,23.0,cm
31-4a-yI8sS.jpg,14.0,cm
31-4a-yI8sS.jpg,12.5,cm
31rumCc2xqL.jpg,14.5,cm
31WtBY9ADKL.jpg,2.0,Watts
41-l-fCtmGL.jpg,7.5,cm
31ht1XGdv5L.jpg,4.5,cm
31ht1XGdv5L.jpg,45.0,cm
31EA580F0XS.jpg,100.0,cm
31EA580F0XS.jpg,120.0,cm
31UcoL1WyRL.jpg,1.8,cm
31UcoL1WyRL.jpg,1.4,cm
41+qcAwsW5L.jpg,53.0,cm
41+qcAwsW5L.jpg,20.0,cm
31OFG4xW+cL.jpg,21.5,cm
31G7epMfOJL.jpg,88.0,cm
31G7epMfOJL.jpg,5.0,cm
31G7epMfOJL.jpg,19.0,cm
41-wb8z2+jL.jpg,68.0,cm
31FW4wk2iyL.jpg,3.93,inch
31FW4wk2iyL.jpg,20.0,cm
31FW4wk2iyL.jpg,7.87,inch
31HVh9jcCuL.jpg,16.18,cm
31GGjka5fcL.jpg,21.0,cm
31GGjka5fcL.jpg,16.0,cm
31sgze+dQ0L.jpg,68.0,cm
41-ui-28JzL.jpg,176.0,cm
41-ui-28JzL.jpg,163.0,cm
31FG7liSrFS.jpg,10.0,cm
31FG7liSrFS.jpg,3.9,inch
41-nm1-i4lL.jpg,9.0,cm
31w8A5ql+KL.jpg,15.2,cm
31w8A5ql+KL.jpg,4.7,cm
41-y5qurb8L.jpg,15.0,cm
41-y5qurb8L.jpg,12.0,cm
31IIZrDt9nL.jpg,50.0,inch
41-WxvyyBeL.jpg,19.5,cm
41+35a66LsL.jpg,50.0,cm
31SclWjSYeL.jpg,88.0,cm
41-a7445pdL.jpg,350.0,L
41-pkFYnBlL.jpg,23.0,cm
41-pkFYnBlL.jpg,3.8,inch
41-pkFYnBlL.jpg,9.7,cm
31gUg+xJdoL.jpg,16.0,L
41+CtTxNOpL.jpg,28.0,cm
31FA-kVKufL.jpg,11.0,cm
41-zSo-qAqL.jpg,2.65,inch
41-zSo-qAqL.jpg,6.75,cm
41-zSo-qAqL.jpg,3.74,inch
41-zSo-qAqL.jpg,9.5,cm
41-zSo-qAqL.jpg,1.49,inch
41-zSo-qAqL.jpg,3.8,cm
41-zjKIsLnL.jpg,8.0,cm
41-zjKIsLnL.jpg,8.0,cm
319rBAua1EL.jpg,4.5,cm
41+DuGHwaxL.jpg,10.0,cm
41+RAwaqiPL.jpg,28.0,cm
41+RAwaqiPL.jpg,18.0,cm
31ZX0JNuKZL.jpg,12.5,cm
41+hm5IVhZL.jpg,80.0,cm
41+hm5IVhZL.jpg,100.0,cm
41+hm5IVhZL.jpg,120.0,cm
41+hm5IVhZL.jpg,150.0,cm
31bYq-glWYL.jpg,167.0,cm
31VCQ-a70VL.jpg,10.0,cm
31KlXBXzjXL.jpg,15.0,cm
31dsPd-GATL.jpg,10.0,cm
31dsPd-GATL.jpg,15.0,cm
41+s29HzjHL.jpg,30.0,cm
31C5D5F9D9S.jpg,12.0,inch
41-6qSJEowL.jpg,75.0,cm
31um35U4IlL.jpg,60.0,cm
31uSADdoS3L.jpg,22.0,cm
31uSADdoS3L.jpg,33.0,cm
31nLtoTZfhL.jpg,23.0,cm
31nLtoTZfhL.jpg,2.0,cm
41-ZENEWPKL.jpg,6.9,cm
41-ZENEWPKL.jpg,3.6,cm
31n-x4o9fPS.jpg,47.0,cm
31B2ZSdi-bS.jpg,40.0,cm
31B2ZSdi-bS.jpg,15.0,cm
317UEfHNWFL.jpg,4.0,cm
317UEfHNWFL.jpg,16.5,cm
41+eof0gp6L.jpg,316.0,L
41+eof0gp6L.jpg,1.14,inch
31DOXzkNKSL.jpg,12.0,cm
310rX4WoAFL.jpg,90.0,cm
41+toWXf0LL.jpg,24.0,cm
41+h3yqoulL.jpg,107.0,cm
310kcUKMHOL.jpg,18.0,cm
31b1k2ImzWL.jpg,38.0,inch
41+TtoUhjtL.jpg,19.5,cm
41+TtoUhjtL.jpg,18.0,cm
41-JaOEagYL.jpg,10.5,cm
31zuURqc7hL.jpg,10.0,cm
41-AkKUBBHL.jpg,23.0,cm
31OAmvoPX+S.jpg,10.0,cm
41+vTV0+jNS.jpg,95.0,cm
41+vTV0+jNS.jpg,9.0,cm
41+id0BgJ5L.jpg,15.0,cm
41+id0BgJ5L.jpg,166.0,cm
41-NYVHBb3L.jpg,79.0,cm
31+H+PVsNEL.jpg,50.0,cm
41+gZgwWMlL.jpg,14.5,cm
41-TO+XFB5S.jpg,20.0,cm
313PqxvaGFL.jpg,7.19,cm
313PqxvaGFL.jpg,2.83,inch
313PqxvaGFL.jpg,5.08,cm
313PqxvaGFL.jpg,2.0,inch
31axuoFNG4L.jpg,47.2,inch
31omj7O2rpL.jpg,8.0,cm
31RopGzufiL.jpg,43.0,cm
31kInWAVHtL.jpg,23.0,cm
4105XecHQOL.jpg,23.0,cm
31ZAV66IbxL.jpg,65.0,cm
31tDjBHP9cL.jpg,80.0,cm
31gZgDrUiIS.jpg,9.5,cm
31gZgDrUiIS.jpg,10.0,cm
31yxp6npFFL.jpg,39.0,cm
31yZPz5a2EL.jpg,120.0,L
31FCBht4h-L.jpg,8.0,cm
31yUCZ4d01L.jpg,244.0,cm
41-wFMA9fcL.jpg,15.0,cm
31SQ2KY4D2L.jpg,42.0,cm
31UcgTh42CL.jpg,15.0,cm
31UcgTh42CL.jpg,10.0,cm
316QheTdnoL.jpg,5.0,cm
4104c2ele5L.jpg,1.0,L
31q4F28dP6L.jpg,5.0,L
31vdcfh155S.jpg,6.5,cm
31LF8o3DjTL.jpg,33.0,cm
31Q3ufZc2rS.jpg,26.0,cm
31IqIjyhMxL.jpg,13.2,cm
31IqIjyhMxL.jpg,54.0,cm
41-1yySFXLL.jpg,47.2,inch
31FwzRkbbVL.jpg,52.0,cm
31FwzRkbbVL.jpg,42.0,cm
310aYU-JigL.jpg,65.0,cm
31PFg7CpbRL.jpg,74.0,cm
31cuLKQAoJL.jpg,30.0,cm
31cuLKQAoJL.jpg,18.0,cm
31n2OXz+6sL.jpg,200.0,L
31kWvkDMkyL.jpg,70.0,cm
31KnWMQYaRL.jpg,5.3,cm
31KnWMQYaRL.jpg,8.6,cm
31IlI8j5OGL.jpg,18.0,cm
31IlI8j5OGL.jpg,38.0,cm
31qdyY8mqUL.jpg,0.6,KG
3162jbDKLhL.jpg,85.0,cm
31miANRRjoL.jpg,107.0,cm
31VdNAr6V-L.jpg,6.37,inch
31ALW6ILdNS.jpg,21.0,cm
31655QolL+L.jpg,15.4,cm
41-VGzGocSS.jpg,8.0,cm
31oiAN1tviL.jpg,10.0,cm
31H-iAPesuL.jpg,13.0,cm
41+7NK0U+SS.jpg,12.0,cm
41-38onr31L.jpg,4.0,cm
41-38onr31L.jpg,12.0,cm
41-n5SRwUIL.jpg,130.0,cm
41-h4BNlrTL.jpg,9.0,inch
41+9mJFvvxL.jpg,28.0,cm
41-bvF7CLAL.jpg,55.0,cm
31bruL8AF8L.jpg,1.0,cm
31kLQCKz8eS.jpg,11.5,cm
31kLQCKz8eS.jpg,18.0,cm
41++e-jW91L.jpg,30.0,cm
41++e-jW91L.jpg,66.0,cm
41++e-jW91L.jpg,130.0,cm
31s493IhqVL.jpg,12.0,cm
41+G8xF+2AL.jpg,3.5,L
41+G8xF+2AL.jpg,85.0,L
31QOEQlFQXL.jpg,3.9,inch
31QOEQlFQXL.jpg,26.0,inch
3107VVwSyXL.jpg,45.0,cm
3107VVwSyXL.jpg,10.0,cm
318qeLWHofS.jpg,39.0,cm
41+c1yJ0fVL.jpg,21.0,cm
31EM4A8ItRL.jpg,5.0,cm
31EM4A8ItRL.jpg,5.0,cm
41+CLa8IBDL.jpg,30.0,cm
41-nN6XkbIL.jpg,12.0,cm
31qbb5YychL.jpg,7.0,cm
31mdHfMNyrL.jpg,2.0,cm
31mdHfMNyrL.jpg,6.0,cm
41-1XNf917L.jpg,24.0,cm
31aX2BYxb6L.jpg,7.1,cm
313gsCHpfeL.jpg,6.2,L
31kRlt1jVaL.jpg,200.0,cm
31Efo1-SdqL.jpg,5.5,cm
31HN4Cts-DL.jpg,15.0,cm
31HN4Cts-DL.jpg,10.0,cm
31eJq5HuCIL.jpg,27.5,cm
41-5sAo1tsS.jpg,25.0,cm
318NkZYUxbL.jpg,11.0,cm
31Ig7stJhHL.jpg,10.0,cm
31KPJ6pnp+L.jpg,9.0,cm
31KPJ6pnp+L.jpg,10.0,cm
41-SacpPb0L.jpg,18.0,cm
31SA2OlgpQL.jpg,20.0,cm
31SA2OlgpQL.jpg,6.8,cm
31h8L87PJmL.jpg,40.3,cm
41+vLTyf4qL.jpg,21.5,cm
31yMxtn6g-L.jpg,27.0,cm
31yMxtn6g-L.jpg,5.0,cm
316QBt0qRVL.jpg,11.7,cm
312aMY3cO9L.jpg,14.8,inch
312aMY3cO9L.jpg,5.9,inch
312aMY3cO9L.jpg,0.79,inch
410-41JeUkL.jpg,44.0,cm
41+tkDQxdpL.jpg,5.9,cm
41+tkDQxdpL.jpg,32.2,cm
31KGcyUuuoL.jpg,21.0,cm
31KGcyUuuoL.jpg,29.7,cm
316rYL2JOBL.jpg,135.0,L
316rYL2JOBL.jpg,33.0,L
31d9s4kf+aL.jpg,20.0,cm
31d9s4kf+aL.jpg,20.0,cm
31C8QnlC+US.jpg,12.6,cm
31C8QnlC+US.jpg,7.8,cm
41+5SOqD83L.jpg,45.0,cm
41-kwxr55YL.jpg,19.5,cm
41+IijyZEOL.jpg,30.0,cm
31C+5WzuXOL.jpg,2.8,inch
31jfZVlD1mL.jpg,6.0,cm
31jfZVlD1mL.jpg,6.0,cm
41-LfcM76bL.jpg,20.0,inch
41-LfcM76bL.jpg,27.0,inch
31vpCK5dMYL.jpg,12.2,cm
41-iAhPn5eS.jpg,30.0,cm
41+OtDYR+0L.jpg,5.0,cm
31uj4FT7LzL.jpg,26.67,cm
31zjP0l7bfL.jpg,14.0,cm
31zjP0l7bfL.jpg,5.5,cm
31196HWGAjL.jpg,10.0,cm
310p+AOeZ6L.jpg,3.0,cm
310p+AOeZ6L.jpg,3.4,cm
310p+AOeZ6L.jpg,4.0,cm
310p+AOeZ6L.jpg,7.5,cm
31pwIfeOvMS.jpg,5.0,cm
41-fGbAaUNL.jpg,5.0,cm
41+LmDJjfqL.jpg,8.07,inch
41-wL9OnhxL.jpg,59.0,cm
31nKT7p+e8L.jpg,20.0,cm
31I8-Y0a4KL.jpg,5.0,cm
31I8-Y0a4KL.jpg,30.0,cm
41-H4bhZkjL.jpg,400.0,L
41-Osym0XHL.jpg,400.0,cm
31Qr3xgnfqS.jpg,12.0,cm
316pJ84mB-S.jpg,16.0,cm
31xPuxDbBiL.jpg,4.5,cm
31xPuxDbBiL.jpg,15.0,cm
41-0fjR3K1L.jpg,15.0,cm
41+SWTNROzL.jpg,5.0,cm
31WcA6vocGL.jpg,13.0,cm
31WcA6vocGL.jpg,28.5,cm
31kZfej3fnL.jpg,4.0,inch
41+fxt69qOL.jpg,3.9,inch
41-2E-fGSXL.jpg,28.0,cm
41-oldJo+7L.jpg,19.0,cm
41-oldJo+7L.jpg,6.0,cm
31W+zPEEUkL.jpg,39.0,cm
4100WiqUxTL.jpg,8.0,L
31v6b+gZzIL.jpg,3.5,cm
31v6b+gZzIL.jpg,2.5,cm
31poMku-kKL.jpg,6.0,cm
41+sF7a5cBS.jpg,150.0,cm
41+faj7T5wS.jpg,35.0,cm
31lEoRscRYL.jpg,20.1,cm
31fIbYhzLxL.jpg,7.0,cm
31fIbYhzLxL.jpg,5.0,cm
31J6aKJ4NkS.jpg,14.2,cm
31J6aKJ4NkS.jpg,5.5,cm
31anWf0z-WL.jpg,8.0,cm
41-c6hZGdIL.jpg,12.8,cm
3179bFOeHPL.jpg,6.5,cm
3179bFOeHPL.jpg,6.0,cm
41-bnDeBDUL.jpg,3.2,cm
31CRyJdjbPL.jpg,3.0,L
31U-wZnkSxL.jpg,9.0,cm
31U-wZnkSxL.jpg,10.0,cm
31ZVMTz2XlL.jpg,0.0,cm
41+FPfvxknL.jpg,22.0,cm
41+FPfvxknL.jpg,22.5,cm
31ijDcEJcnL.jpg,9.5,cm
41-fBlduawL.jpg,18.5,cm
31ncpuqongL.jpg,19.5,cm
31ncpuqongL.jpg,12.7,cm
31fwpf6yMtL.jpg,18.0,cm
31fwpf6yMtL.jpg,30.0,cm
41+XJTpxpuL.jpg,12.0,cm
41+XJTpxpuL.jpg,30.0,cm
41-UI2yH7XL.jpg,18.0,cm
31Qn9Pe70AL.jpg,15.4,cm
31DOqLer9YL.jpg,60.0,cm
31a0EzuSDkL.jpg,120.0,cm
31a0EzuSDkL.jpg,90.0,cm
41-M+ZCoPFL.jpg,25.0,cm
41-M+ZCoPFL.jpg,10.0,cm
31nsjDYI2LS.jpg,7.8,cm
31+1xiVjZBL.jpg,1.4,L
31m1aiQlbHL.jpg,6.0,cm
31m1aiQlbHL.jpg,15.0,cm
